{
  "bench": "algo_vwap_latency",
  "scenario": "algo_s1_steady",
  "samples": 1000000,
  "latency_ns_p90": 7795,
  "latency_ns_p99": 8231,
  "latency_ns_p999": 33279,
  "throughput_parent_per_sec": 150730.34163010676,
  "throughput_child_per_sec": 3165337.174232242
}