{
  "bench": "algo_vwap_latency",
  "scenario": "algo_s1_steady",
  "samples": 1000000,
  "latency_ns_p90": 7583,
  "latency_ns_p99": 7643,
  "latency_ns_p999": 25487,
  "throughput_parent_per_sec": 163611.8818728705,
  "throughput_child_per_sec": 3435849.5193302804
}