{
  "bench": "e2e_algo_sor_latency",
  "scenario": "e2e_s1_steady",
  "samples": 100000,
  "parent_latency_ns_p90": 53918,
  "parent_latency_ns_p99": 113299,
  "parent_latency_ns_p999": 505880,
  "child_latency_ns_p90": 795,
  "child_latency_ns_p99": 2091,
  "child_latency_ns_p999": 11457,
  "throughput_parent_per_sec": 14145.237827808902,
  "throughput_child_per_sec": 1414523.7827808904,
  "total_children": 10000000
}
