{
  "bench": "e2e_algo_sor_latency",
  "scenario": "e2e_s1_steady",
  "samples": 100000,
  "parent_latency_ns_p90": 60861,
  "parent_latency_ns_p99": 169996,
  "parent_latency_ns_p999": 670896,
  "child_latency_ns_p90": 795,
  "child_latency_ns_p99": 3498,
  "child_latency_ns_p999": 21941,
  "throughput_parent_per_sec": 10953.177028817983,
  "throughput_child_per_sec": 1095317.7028817984,
  "total_children": 10000000
}
