{
  "bench": "e2e_algo_sor_latency",
  "scenario": "e2e_s1_steady",
  "samples": 100000,
  "parent_latency_ns_p90": 53337,
  "parent_latency_ns_p99": 127962,
  "parent_latency_ns_p999": 605520,
  "child_latency_ns_p90": 795,
  "child_latency_ns_p99": 2031,
  "child_latency_ns_p999": 11536,
  "throughput_parent_per_sec": 12055.307098730262,
  "throughput_child_per_sec": 1205530.7098730262,
  "total_children": 10000000
}
