{
  "bench": "algo_vwap_latency",
  "scenario": "algo_s1_steady",
  "samples": 1000000,
  "latency_ns_p90": 1005,
  "latency_ns_p99": 2427,
  "latency_ns_p999": 5408,
  "throughput_parent_per_sec": 99514.50955856992,
  "throughput_child_per_sec": 4.9757254779284954E7
}
